movieId,tmdbId,reason
604,538286,TMDB movie not found
4207,12773,TMDB movie not found
4568,17882,TMDB movie not found
5069,68149,TMDB movie not found
7646,14980,TMDB movie not found
7669,164721,TMDB movie not found
26379,2413,TMDB movie not found
26804,47350,TMDB movie not found
27180,11944,TMDB movie not found
27307,22616,TMDB movie not found
27647,26491,TMDB movie not found
27724,2518,TMDB movie not found
27751,36763,TMDB movie not found
30991,64699,TMDB movie not found
31026,69234,TMDB movie not found
31193,13716,TMDB movie not found
31502,11343,TMDB movie not found
32352,185441,TMDB movie not found
32853,42611,TMDB movie not found
38198,10700,TMDB movie not found
42591,37525,TMDB movie not found
43351,24269,TMDB movie not found
44421,55676,TMDB movie not found
48268,41758,TMDB movie not found
49917,58923,TMDB movie not found
51185,17919,TMDB movie not found
53187,78057,TMDB movie not found
53827,27138,TMDB movie not found
53883,49870,TMDB movie not found
55207,244797,TMDB movie not found
57772,53094,TMDB movie not found
58437,31653,TMDB movie not found
61406,118309,TMDB movie not found
62972,17800,TMDB movie not found
64167,12224,TMDB movie not found
65359,9795,TMDB movie not found
66544,18884,TMDB movie not found
66934,14301,TMDB movie not found
68242,38870,TMDB movie not found
68482,168643,TMDB movie not found
69241,45560,TMDB movie not found
69524,62128,TMDB movie not found
69849,67479,TMDB movie not found
70186,67463,TMDB movie not found
70828,200039,TMDB movie not found
71007,65990,TMDB movie not found
73370,113879,TMDB movie not found
74271,42137,TMDB movie not found
74619,25950,TMDB movie not found
77177,141714,TMDB movie not found
77328,61917,TMDB movie not found
77330,61919,TMDB movie not found
77359,61920,TMDB movie not found
77770,211877,TMDB movie not found
77854,37106,TMDB movie not found
78729,13989,TMDB movie not found
79222,41522,TMDB movie not found
79765,47477,TMDB movie not found
80137,96451,TMDB movie not found
80599,59572,TMDB movie not found
84663,11788,TMDB movie not found
85293,40655,TMDB movie not found
86237,367647,TMDB movie not found
86487,202241,TMDB movie not found
88099,71982,TMDB movie not found
88376,67636,TMDB movie not found
88378,51765,TMDB movie not found
88566,57403,TMDB movie not found
89985,75375,TMDB movie not found
90647,58423,TMDB movie not found
90863,75964,TMDB movie not found
91634,262475,TMDB movie not found
92079,60364,TMDB movie not found
92222,20892,TMDB movie not found
92475,192695,TMDB movie not found
92652,62582,TMDB movie not found
92672,99254,TMDB movie not found
92783,470358,TMDB movie not found
93040,26397,TMDB movie not found
93126,168210,TMDB movie not found
93322,46813,TMDB movie not found
93490,595378,TMDB movie not found
93719,214857,TMDB movie not found
93988,147269,TMDB movie not found
94041,206997,TMDB movie not found
94394,284694,TMDB movie not found
94427,170359,TMDB movie not found
95604,208988,TMDB movie not found
95717,83191,TMDB movie not found
96075,53803,TMDB movie not found
96471,202043,TMDB movie not found
96473,216035,TMDB movie not found
96486,263946,TMDB movie not found
96518,263947,TMDB movie not found
96520,215999,TMDB movie not found
96681,117408,TMDB movie not found
97319,172538,TMDB movie not found
98385,288293,TMDB movie not found
98931,269797,TMDB movie not found
99287,51982,TMDB movie not found
99764,147538,TMDB movie not found
99792,60917,TMDB movie not found
100044,69372,TMDB movie not found
100046,62403,TMDB movie not found
100058,101517,TMDB movie not found
100157,95571,TMDB movie not found
100536,166918,TMDB movie not found
100538,162806,TMDB movie not found
100946,56508,TMDB movie not found
101850,89049,TMDB movie not found
102421,355551,TMDB movie not found
102672,194668,TMDB movie not found
103422,114761,TMDB movie not found
103478,155055,TMDB movie not found
104072,4548,TMDB movie not found
104119,241340,TMDB movie not found
105011,63383,TMDB movie not found
105250,51452,TMDB movie not found
106032,166986,TMDB movie not found
106082,460870,TMDB movie not found
106506,129405,TMDB movie not found
107063,293138,TMDB movie not found
107137,18231,TMDB movie not found
107199,252995,TMDB movie not found
107202,252993,TMDB movie not found
107400,239471,TMDB movie not found
108056,245170,TMDB movie not found
108727,110414,TMDB movie not found
108977,313289,TMDB movie not found
109239,370353,TMDB movie not found
109357,218277,TMDB movie not found
109713,257155,TMDB movie not found
109733,19492,TMDB movie not found
109889,64047,TMDB movie not found
110042,394403,TMDB movie not found
112807,30146,TMDB movie not found
112809,21680,TMDB movie not found
114382,67493,TMDB movie not found
115673,589460,TMDB movie not found
115893,273510,TMDB movie not found
115895,103081,TMDB movie not found
115937,12450,TMDB movie not found
115955,42903,TMDB movie not found
115969,178446,TMDB movie not found
115977,97414,TMDB movie not found
116002,159140,TMDB movie not found
116050,64679,TMDB movie not found
116136,289314,TMDB movie not found
116261,36597,TMDB movie not found
116847,273334,TMDB movie not found
116975,203766,TMDB movie not found
117111,82400,TMDB movie not found
118392,276690,TMDB movie not found
118704,29133,TMDB movie not found
118854,144114,TMDB movie not found
118878,248785,TMDB movie not found
118908,24486,TMDB movie not found
118916,2699,TMDB movie not found
119139,312497,TMDB movie not found
119218,120605,TMDB movie not found
119440,65821,TMDB movie not found
119565,301231,TMDB movie not found
119567,62836,TMDB movie not found
120134,151153,TMDB movie not found
120313,62653,TMDB movie not found
120486,74309,TMDB movie not found
120841,3057,TMDB movie not found
120843,125458,TMDB movie not found
120867,241287,TMDB movie not found
121035,289394,TMDB movie not found
121111,101660,TMDB movie not found
121119,18729,TMDB movie not found
121159,140161,TMDB movie not found
121249,31183,TMDB movie not found
122230,63039,TMDB movie not found
122260,133365,TMDB movie not found
122282,77172,TMDB movie not found
122292,18202,TMDB movie not found
122347,71461,TMDB movie not found
122575,51768,TMDB movie not found
122711,136867,TMDB movie not found
122908,299538,TMDB movie not found
122926,202249,TMDB movie not found
122952,280472,TMDB movie not found
123083,74694,TMDB movie not found
123107,69234,TMDB movie not found
123260,38611,TMDB movie not found
123288,150004,TMDB movie not found
123443,139464,TMDB movie not found
123555,15614,TMDB movie not found
123573,72094,TMDB movie not found
123621,266314,TMDB movie not found
123653,19496,TMDB movie not found
124269,180836,TMDB movie not found
124741,81958,TMDB movie not found
125481,108716,TMDB movie not found
125950,67866,TMDB movie not found
125958,76162,TMDB movie not found
125988,154622,TMDB movie not found
126002,197592,TMDB movie not found
126010,25093,TMDB movie not found
126020,13535,TMDB movie not found
126022,57622,TMDB movie not found
126042,162864,TMDB movie not found
126068,67456,TMDB movie not found
126098,93904,TMDB movie not found
126106,53285,TMDB movie not found
126430,189197,TMDB movie not found
126929,317384,TMDB movie not found
127003,238386,TMDB movie not found
127180,125336,TMDB movie not found
127242,252063,TMDB movie not found
127288,64123,TMDB movie not found
127327,112952,TMDB movie not found
127390,278468,TMDB movie not found
127644,257605,TMDB movie not found
127646,86575,TMDB movie not found
128003,56511,TMDB movie not found
128005,56516,TMDB movie not found
128007,56512,TMDB movie not found
128009,56515,TMDB movie not found
128201,22211,TMDB movie not found
128320,138394,TMDB movie not found
128862,122023,TMDB movie not found
128946,158382,TMDB movie not found
129032,315010,TMDB movie not found
129195,261985,TMDB movie not found
129651,160874,TMDB movie not found
130408,264321,TMDB movie not found
130514,30496,TMDB movie not found
130842,327029,TMDB movie not found
131050,80527,TMDB movie not found
131166,56771,TMDB movie not found
131724,321640,TMDB movie not found
132192,247668,TMDB movie not found
132348,17669,TMDB movie not found
132492,329241,TMDB movie not found
132522,70758,TMDB movie not found
132524,283691,TMDB movie not found
133183,325557,TMDB movie not found
133197,237718,TMDB movie not found
134753,141702,TMDB movie not found
135182,168219,TMDB movie not found
135202,131934,TMDB movie not found
135240,216037,TMDB movie not found
135430,55229,TMDB movie not found
135476,44937,TMDB movie not found
135539,335676,TMDB movie not found
135571,345896,TMDB movie not found
135745,293238,TMDB movie not found
135747,53774,TMDB movie not found
135846,85702,TMDB movie not found
135939,19792,TMDB movie not found
136000,53875,TMDB movie not found
136301,37668,TMDB movie not found
136630,282247,TMDB movie not found
136640,341984,TMDB movie not found
136762,12188,TMDB movie not found
136882,109515,TMDB movie not found
137473,6962,TMDB movie not found
137599,219894,TMDB movie not found
137717,338850,TMDB movie not found
137859,65973,TMDB movie not found
137873,344560,TMDB movie not found
137904,206514,TMDB movie not found
139130,62931,TMDB movie not found
139140,191476,TMDB movie not found
139195,141334,TMDB movie not found
139630,108497,TMDB movie not found
139743,114691,TMDB movie not found
139879,99022,TMDB movie not found
140018,184056,TMDB movie not found
140307,353653,TMDB movie not found
140441,25180,TMDB movie not found
140481,278604,TMDB movie not found
140709,246699,TMDB movie not found
140737,134777,TMDB movie not found
141297,180152,TMDB movie not found
141402,329637,TMDB movie not found
141450,265758,TMDB movie not found
141678,281124,TMDB movie not found
141680,357130,TMDB movie not found
141686,357143,TMDB movie not found
141735,11204,TMDB movie not found
141739,268009,TMDB movie not found
141763,357935,TMDB movie not found
141765,263570,TMDB movie not found
141767,256515,TMDB movie not found
141816,27934,TMDB movie not found
142052,5804,TMDB movie not found
142115,200813,TMDB movie not found
142462,30294,TMDB movie not found
142780,77197,TMDB movie not found
143057,16854,TMDB movie not found
143506,256955,TMDB movie not found
143521,143769,TMDB movie not found
143709,172577,TMDB movie not found
143990,47084,TMDB movie not found
144050,292739,TMDB movie not found
144228,190250,TMDB movie not found
144706,47761,TMDB movie not found
144918,99708,TMDB movie not found
145050,72792,TMDB movie not found
145100,58207,TMDB movie not found
145426,121329,TMDB movie not found
145528,101833,TMDB movie not found
146002,64042,TMDB movie not found
146329,51129,TMDB movie not found
146702,74751,TMDB movie not found
147120,137587,TMDB movie not found
147122,337751,TMDB movie not found
147124,293603,TMDB movie not found
147250,127605,TMDB movie not found
147290,38430,TMDB movie not found
147328,72093,TMDB movie not found
147330,72095,TMDB movie not found
147332,60199,TMDB movie not found
147370,353462,TMDB movie not found
147728,60836,TMDB movie not found
147732,253426,TMDB movie not found
147775,219466,TMDB movie not found
148048,194079,TMDB movie not found
148101,345575,TMDB movie not found
148214,119149,TMDB movie not found
148216,213756,TMDB movie not found
148236,213755,TMDB movie not found
148390,152539,TMDB movie not found
148460,327016,TMDB movie not found
148675,369879,TMDB movie not found
148703,312452,TMDB movie not found
148761,30922,TMDB movie not found
148896,366492,TMDB movie not found
148966,373162,TMDB movie not found
149028,263953,TMDB movie not found
149090,303950,TMDB movie not found
149424,79280,TMDB movie not found
149502,187006,TMDB movie not found
149650,373977,TMDB movie not found
149674,373357,TMDB movie not found
149936,211354,TMDB movie not found
150220,73468,TMDB movie not found
150419,119209,TMDB movie not found
150534,360626,TMDB movie not found
150657,376823,TMDB movie not found
150726,249926,TMDB movie not found
150854,313985,TMDB movie not found
150952,251546,TMDB movie not found
151279,56588,TMDB movie not found
151357,211845,TMDB movie not found
151477,293360,TMDB movie not found
151585,377136,TMDB movie not found
151629,139777,TMDB movie not found
151763,333040,TMDB movie not found
151804,376681,TMDB movie not found
152031,280617,TMDB movie not found
152033,135097,TMDB movie not found
152069,379951,TMDB movie not found
152171,342381,TMDB movie not found
152284,378779,TMDB movie not found
152660,354297,TMDB movie not found
152806,52236,TMDB movie not found
153430,293471,TMDB movie not found
153736,161535,TMDB movie not found
153939,200414,TMDB movie not found
154430,35335,TMDB movie not found
154546,155678,TMDB movie not found
154886,208947,TMDB movie not found
154941,371758,TMDB movie not found
155109,62241,TMDB movie not found
155117,198993,TMDB movie not found
155577,341224,TMDB movie not found
155816,153397,TMDB movie not found
155968,385965,TMDB movie not found
155988,295627,TMDB movie not found
155992,202831,TMDB movie not found
155994,50942,TMDB movie not found
156383,109606,TMDB movie not found
156385,109346,TMDB movie not found
156791,200558,TMDB movie not found
157278,357125,TMDB movie not found
157498,347938,TMDB movie not found
157542,391997,TMDB movie not found
157751,56128,TMDB movie not found
157777,25843,TMDB movie not found
157781,277098,TMDB movie not found
157787,93734,TMDB movie not found
157789,93737,TMDB movie not found
157791,93740,TMDB movie not found
157793,31502,TMDB movie not found
157795,221317,TMDB movie not found
157801,107732,TMDB movie not found
157805,131433,TMDB movie not found
157815,166719,TMDB movie not found
157817,294574,TMDB movie not found
157823,382885,TMDB movie not found
157827,45330,TMDB movie not found
157833,56438,TMDB movie not found
157843,339749,TMDB movie not found
157965,300762,TMDB movie not found
158092,30,TMDB movie not found
158094,331501,TMDB movie not found
158184,75926,TMDB movie not found
158244,239895,TMDB movie not found
158264,132148,TMDB movie not found
158270,46740,TMDB movie not found
158437,200120,TMDB movie not found
158484,5184,TMDB movie not found
158510,370014,TMDB movie not found
158538,129269,TMDB movie not found
158545,396650,TMDB movie not found
158731,94587,TMDB movie not found
158846,334057,TMDB movie not found
158848,108879,TMDB movie not found
158870,396918,TMDB movie not found
159017,250880,TMDB movie not found
159105,12443,TMDB movie not found
159137,56190,TMDB movie not found
159155,382088,TMDB movie not found
159199,5654,TMDB movie not found
159325,368526,TMDB movie not found
159413,228276,TMDB movie not found
159817,192040,TMDB movie not found
159821,384130,TMDB movie not found
160165,34202,TMDB movie not found
160179,59568,TMDB movie not found
160317,400174,TMDB movie not found
160432,70859,TMDB movie not found
160614,259634,TMDB movie not found
160616,259032,TMDB movie not found
160618,258638,TMDB movie not found
160620,258257,TMDB movie not found
160622,46571,TMDB movie not found
160624,46572,TMDB movie not found
160654,344030,TMDB movie not found
161175,205386,TMDB movie not found
161204,254251,TMDB movie not found
161470,101185,TMDB movie not found
161474,29924,TMDB movie not found
161496,2719,TMDB movie not found
161500,101662,TMDB movie not found
161504,24057,TMDB movie not found
161508,38622,TMDB movie not found
162006,408286,TMDB movie not found
162324,26911,TMDB movie not found
162438,285248,TMDB movie not found
162650,404302,TMDB movie not found
162808,100490,TMDB movie not found
162864,261581,TMDB movie not found
162886,407048,TMDB movie not found
163026,310442,TMDB movie not found
163076,412252,TMDB movie not found
163316,370366,TMDB movie not found
163484,202213,TMDB movie not found
163665,414632,TMDB movie not found
163809,409696,TMDB movie not found
163921,388131,TMDB movie not found
163963,416124,TMDB movie not found
164099,387859,TMDB movie not found
164157,43719,TMDB movie not found
164260,409536,TMDB movie not found
164334,70871,TMDB movie not found
164387,389396,TMDB movie not found
164445,415833,TMDB movie not found
164501,405627,TMDB movie not found
164530,211029,TMDB movie not found
164608,418979,TMDB movie not found
164749,65256,TMDB movie not found
164777,391934,TMDB movie not found
164803,119372,TMDB movie not found
164805,243984,TMDB movie not found
164815,405979,TMDB movie not found
164819,244182,TMDB movie not found
165069,126820,TMDB movie not found
165123,418772,TMDB movie not found
165321,243987,TMDB movie not found
165395,38584,TMDB movie not found
165717,336380,TMDB movie not found
165747,422274,TMDB movie not found
165825,390422,TMDB movie not found
165829,269033,TMDB movie not found
165855,10614,TMDB movie not found
165923,200549,TMDB movie not found
165963,44622,TMDB movie not found
166175,324013,TMDB movie not found
166211,266568,TMDB movie not found
166215,410774,TMDB movie not found
166223,313896,TMDB movie not found
166225,374319,TMDB movie not found
166227,279558,TMDB movie not found
166229,268712,TMDB movie not found
166231,374247,TMDB movie not found
166289,419289,TMDB movie not found
166518,46612,TMDB movie not found
166613,67276,TMDB movie not found
166701,388260,TMDB movie not found
166735,409915,TMDB movie not found
166775,428737,TMDB movie not found
166800,426903,TMDB movie not found
166878,200035,TMDB movie not found
166920,283146,TMDB movie not found
166968,188521,TMDB movie not found
167024,374634,TMDB movie not found
167026,49754,TMDB movie not found
167028,75604,TMDB movie not found
167030,137669,TMDB movie not found
167052,248946,TMDB movie not found
167102,361340,TMDB movie not found
167190,416258,TMDB movie not found
167312,419185,TMDB movie not found
167424,430514,TMDB movie not found
167570,432192,TMDB movie not found
167594,300544,TMDB movie not found
167614,379462,TMDB movie not found
167666,46121,TMDB movie not found
167678,268771,TMDB movie not found
167768,327083,TMDB movie not found
168244,414937,TMDB movie not found
168332,154339,TMDB movie not found
168340,416988,TMDB movie not found
168644,75018,TMDB movie not found
168716,407430,TMDB movie not found
168748,393263,TMDB movie not found
168910,428074,TMDB movie not found
168950,174588,TMDB movie not found
169272,197061,TMDB movie not found
169280,443113,TMDB movie not found
169286,99357,TMDB movie not found
169410,101818,TMDB movie not found
169742,224113,TMDB movie not found
169782,371504,TMDB movie not found
169866,69535,TMDB movie not found
169906,414399,TMDB movie not found
169932,401840,TMDB movie not found
169954,140465,TMDB movie not found
169960,101915,TMDB movie not found
169980,115161,TMDB movie not found
170109,366561,TMDB movie not found
170127,31501,TMDB movie not found
170273,25610,TMDB movie not found
170277,30999,TMDB movie not found
170355,185789,TMDB movie not found
170451,201198,TMDB movie not found
170463,336956,TMDB movie not found
170465,409820,TMDB movie not found
170705,331214,TMDB movie not found
170727,415647,TMDB movie not found
170745,450980,TMDB movie not found
170915,370722,TMDB movie not found
171011,420714,TMDB movie not found
171033,384437,TMDB movie not found
171035,453062,TMDB movie not found
171061,440508,TMDB movie not found
171155,117232,TMDB movie not found
171333,30592,TMDB movie not found
171495,409926,TMDB movie not found
171521,231510,TMDB movie not found
171749,419787,TMDB movie not found
171801,445916,TMDB movie not found
171835,41581,TMDB movie not found
171975,22939,TMDB movie not found
171995,401150,TMDB movie not found
172129,425488,TMDB movie not found
172471,28013,TMDB movie not found
172497,65595,TMDB movie not found
172511,421550,TMDB movie not found
172631,264356,TMDB movie not found
172661,320311,TMDB movie not found
172697,288977,TMDB movie not found
172723,26920,TMDB movie not found
172731,73144,TMDB movie not found
172739,340155,TMDB movie not found
172741,53945,TMDB movie not found
172903,37603,TMDB movie not found
172905,444623,TMDB movie not found
172907,79833,TMDB movie not found
172909,213313,TMDB movie not found
172913,64502,TMDB movie not found
172915,355426,TMDB movie not found
173143,452142,TMDB movie not found
173347,247263,TMDB movie not found
173421,337747,TMDB movie not found
173481,446850,TMDB movie not found
173535,406403,TMDB movie not found
173653,333953,TMDB movie not found
173739,445739,TMDB movie not found
173817,457307,TMDB movie not found
173821,336549,TMDB movie not found
173873,26787,TMDB movie not found
174033,435114,TMDB movie not found
174035,431490,TMDB movie not found
174181,458298,TMDB movie not found
174235,67488,TMDB movie not found
174283,348063,TMDB movie not found
174375,128733,TMDB movie not found
174403,461805,TMDB movie not found
174457,338546,TMDB movie not found
174485,425916,TMDB movie not found
174719,424643,TMDB movie not found
174829,381519,TMDB movie not found
174841,51494,TMDB movie not found
174905,32228,TMDB movie not found
174953,398295,TMDB movie not found
175183,391351,TMDB movie not found
175325,54988,TMDB movie not found
175335,439314,TMDB movie not found
175429,10840,TMDB movie not found
175693,412103,TMDB movie not found
175695,465822,TMDB movie not found
175709,254689,TMDB movie not found
175949,8972,TMDB movie not found
175991,395767,TMDB movie not found
176011,188421,TMDB movie not found
176075,445713,TMDB movie not found
176171,18098,TMDB movie not found
176329,466986,TMDB movie not found
176395,25274,TMDB movie not found
176585,62509,TMDB movie not found
176653,429486,TMDB movie not found
176777,270271,TMDB movie not found
176795,392433,TMDB movie not found
176883,300508,TMDB movie not found
176887,325895,TMDB movie not found
176989,51493,TMDB movie not found
176997,467565,TMDB movie not found
177071,179051,TMDB movie not found
177199,117410,TMDB movie not found
177411,124025,TMDB movie not found
177501,94324,TMDB movie not found
177589,215632,TMDB movie not found
177703,378724,TMDB movie not found
177711,368825,TMDB movie not found
177797,341870,TMDB movie not found
177951,443725,TMDB movie not found
178105,167774,TMDB movie not found
178297,477351,TMDB movie not found
178543,173899,TMDB movie not found
178619,478412,TMDB movie not found
178727,473984,TMDB movie not found
178819,368465,TMDB movie not found
179083,374323,TMDB movie not found
179095,381823,TMDB movie not found
179117,61693,TMDB movie not found
179135,463612,TMDB movie not found
179181,84648,TMDB movie not found
179369,139806,TMDB movie not found
179437,468554,TMDB movie not found
179545,286645,TMDB movie not found
179547,313550,TMDB movie not found
179549,431786,TMDB movie not found
179551,374322,TMDB movie not found
179617,303639,TMDB movie not found
179619,299520,TMDB movie not found
179621,260498,TMDB movie not found
179623,275291,TMDB movie not found
179625,267200,TMDB movie not found
179627,286646,TMDB movie not found
179629,286652,TMDB movie not found
179631,299522,TMDB movie not found
179633,314487,TMDB movie not found
179635,312852,TMDB movie not found
179639,308859,TMDB movie not found
179641,288591,TMDB movie not found
179643,303731,TMDB movie not found
179723,286647,TMDB movie not found
179857,32320,TMDB movie not found
180021,209288,TMDB movie not found
180067,108883,TMDB movie not found
180143,140283,TMDB movie not found
180167,252498,TMDB movie not found
180193,451802,TMDB movie not found
180197,290299,TMDB movie not found
180263,106035,TMDB movie not found
180503,335765,TMDB movie not found
181107,301801,TMDB movie not found
181217,430951,TMDB movie not found
181407,489646,TMDB movie not found
181611,423301,TMDB movie not found
181613,489870,TMDB movie not found
181617,309787,TMDB movie not found
181619,408985,TMDB movie not found
181621,285826,TMDB movie not found
181623,313346,TMDB movie not found
181637,490314,TMDB movie not found
181687,468123,TMDB movie not found
181755,45150,TMDB movie not found
182401,177460,TMDB movie not found
182421,226879,TMDB movie not found
182427,130124,TMDB movie not found
182433,69723,TMDB movie not found
182481,335436,TMDB movie not found
182565,302937,TMDB movie not found
182613,31096,TMDB movie not found
182723,488705,TMDB movie not found
182739,121249,TMDB movie not found
182851,474505,TMDB movie not found
182859,407691,TMDB movie not found
183145,31168,TMDB movie not found
183285,444998,TMDB movie not found
183287,49780,TMDB movie not found
183343,211652,TMDB movie not found
183461,488654,TMDB movie not found
183507,459630,TMDB movie not found
183561,230408,TMDB movie not found
183665,468766,TMDB movie not found
183747,480705,TMDB movie not found
183957,314021,TMDB movie not found
184003,479071,TMDB movie not found
184135,21485,TMDB movie not found
184257,502892,TMDB movie not found
184357,64230,TMDB movie not found
184423,501754,TMDB movie not found
184517,397586,TMDB movie not found
184593,432038,TMDB movie not found
184613,440427,TMDB movie not found
184661,159179,TMDB movie not found
184723,452191,TMDB movie not found
185089,295752,TMDB movie not found
185231,201281,TMDB movie not found
185367,53228,TMDB movie not found
185765,216202,TMDB movie not found
185927,510882,TMDB movie not found
186027,74079,TMDB movie not found
186085,139915,TMDB movie not found
186269,311186,TMDB movie not found
186777,459697,TMDB movie not found
187155,371496,TMDB movie not found
187211,497362,TMDB movie not found
187275,264074,TMDB movie not found
187627,475305,TMDB movie not found
187697,51961,TMDB movie not found
187737,187299,TMDB movie not found
187809,146784,TMDB movie not found
187965,521932,TMDB movie not found
188355,278082,TMDB movie not found
188625,523902,TMDB movie not found
188765,425192,TMDB movie not found
188767,430652,TMDB movie not found
188769,386135,TMDB movie not found
188771,416763,TMDB movie not found
188775,371240,TMDB movie not found
188931,523373,TMDB movie not found
188933,497997,TMDB movie not found
188935,388207,TMDB movie not found
189059,268891,TMDB movie not found
189447,16381,TMDB movie not found
189481,31,TMDB movie not found
189483,32,TMDB movie not found
189551,411950,TMDB movie not found
189555,368065,TMDB movie not found
189911,65639,TMDB movie not found
189913,318356,TMDB movie not found
189915,50515,TMDB movie not found
189921,310706,TMDB movie not found
190163,247959,TMDB movie not found
190165,389593,TMDB movie not found
190635,190513,TMDB movie not found
190775,508327,TMDB movie not found
190921,41257,TMDB movie not found
191183,61403,TMDB movie not found
191205,536418,TMDB movie not found
191263,524475,TMDB movie not found
191289,58228,TMDB movie not found
191347,525594,TMDB movie not found
191395,352148,TMDB movie not found
191433,344115,TMDB movie not found
191675,440456,TMDB movie not found
191697,508366,TMDB movie not found
191851,387413,TMDB movie not found
192001,538328,TMDB movie not found
192481,69593,TMDB movie not found
192599,143360,TMDB movie not found
192689,260708,TMDB movie not found
192843,25279,TMDB movie not found
193071,362475,TMDB movie not found
193345,101999,TMDB movie not found
193391,540387,TMDB movie not found
193433,548004,TMDB movie not found
193437,144449,TMDB movie not found
193525,544695,TMDB movie not found
194797,536927,TMDB movie not found
194973,529239,TMDB movie not found
195007,535484,TMDB movie not found
195085,551874,TMDB movie not found
195217,557891,TMDB movie not found
195269,496541,TMDB movie not found
195423,307732,TMDB movie not found
195425,414278,TMDB movie not found
195529,427094,TMDB movie not found
195899,536376,TMDB movie not found
196063,518312,TMDB movie not found
196097,565184,TMDB movie not found
196345,560701,TMDB movie not found
196563,566492,TMDB movie not found
196619,562155,TMDB movie not found
196689,319315,TMDB movie not found
196973,499928,TMDB movie not found
197317,569293,TMDB movie not found
197377,547025,TMDB movie not found
197405,139295,TMDB movie not found
197479,571819,TMDB movie not found
198235,459629,TMDB movie not found
198431,161552,TMDB movie not found
199129,409776,TMDB movie not found
199155,516383,TMDB movie not found
199538,586129,TMDB movie not found
199710,414401,TMDB movie not found
199792,62444,TMDB movie not found
199844,53986,TMDB movie not found
199860,384975,TMDB movie not found
199872,465803,TMDB movie not found
200048,467080,TMDB movie not found
200136,578715,TMDB movie not found
200496,589023,TMDB movie not found
200646,576676,TMDB movie not found
200892,590710,TMDB movie not found
200946,264151,TMDB movie not found
200984,594750,TMDB movie not found
201318,288572,TMDB movie not found
201346,595124,TMDB movie not found
201680,306732,TMDB movie not found
201821,328303,TMDB movie not found
201939,258209,TMDB movie not found
201959,39500,TMDB movie not found
202045,502575,TMDB movie not found
202399,263030,TMDB movie not found
202683,297644,TMDB movie not found
202685,292307,TMDB movie not found
202687,332218,TMDB movie not found
202689,363999,TMDB movie not found
202691,455166,TMDB movie not found
202693,455419,TMDB movie not found
202769,593778,TMDB movie not found
203098,346387,TMDB movie not found
203168,399828,TMDB movie not found
203252,566549,TMDB movie not found
203264,253773,TMDB movie not found
203713,38136,TMDB movie not found
203898,614750,TMDB movie not found
203922,609703,TMDB movie not found
204224,466750,TMDB movie not found
204252,451364,TMDB movie not found
204304,525206,TMDB movie not found
204628,607517,TMDB movie not found
204636,620058,TMDB movie not found
204802,622077,TMDB movie not found
205128,609714,TMDB movie not found
205140,593848,TMDB movie not found
205257,567273,TMDB movie not found
205323,342288,TMDB movie not found
205373,72999,TMDB movie not found
205775,573195,TMDB movie not found
205815,484855,TMDB movie not found
205969,42376,TMDB movie not found
206198,574905,TMDB movie not found
206409,611478,TMDB movie not found
206635,17976,TMDB movie not found
206757,577625,TMDB movie not found
206939,633190,TMDB movie not found
207093,360086,TMDB movie not found
207281,92246,TMDB movie not found
207307,210590,TMDB movie not found
207730,637977,TMDB movie not found
207732,637986,TMDB movie not found
207960,629861,TMDB movie not found
208597,636391,TMDB movie not found
209169,162892,TMDB movie not found
209481,224302,TMDB movie not found
209527,334912,TMDB movie not found
209539,107095,TMDB movie not found
209701,647354,TMDB movie not found
209723,644672,TMDB movie not found
209947,242550,TMDB movie not found
209973,431510,TMDB movie not found
210187,481472,TMDB movie not found
210191,401707,TMDB movie not found
210193,401885,TMDB movie not found
210195,421602,TMDB movie not found
210539,656594,TMDB movie not found
210909,550493,TMDB movie not found
210925,171338,TMDB movie not found
211183,40170,TMDB movie not found
211201,35948,TMDB movie not found
211508,647704,TMDB movie not found
211542,519723,TMDB movie not found
212321,63497,TMDB movie not found
212323,430602,TMDB movie not found
212325,104950,TMDB movie not found
212661,187665,TMDB movie not found
212865,581779,TMDB movie not found
213053,351651,TMDB movie not found
213119,659530,TMDB movie not found
213620,680842,TMDB movie not found
213946,525807,TMDB movie not found
213948,585275,TMDB movie not found
213950,495280,TMDB movie not found
214116,322147,TMDB movie not found
214550,336589,TMDB movie not found
214620,360226,TMDB movie not found
214718,667430,TMDB movie not found
215263,382786,TMDB movie not found
215669,484874,TMDB movie not found
215855,693024,TMDB movie not found
216386,678250,TMDB movie not found
216581,690882,TMDB movie not found
216931,693020,TMDB movie not found
217031,7738,TMDB movie not found
217312,565700,TMDB movie not found
217721,636864,TMDB movie not found
217739,651053,TMDB movie not found
217741,625910,TMDB movie not found
217807,691930,TMDB movie not found
218229,696085,TMDB movie not found
218271,699626,TMDB movie not found
218503,662059,TMDB movie not found
218685,716754,TMDB movie not found
218857,489298,TMDB movie not found
218859,718467,TMDB movie not found
219031,409921,TMDB movie not found
219105,717095,TMDB movie not found
219412,363909,TMDB movie not found
219416,214714,TMDB movie not found
219464,171645,TMDB movie not found
219766,715420,TMDB movie not found
220404,425764,TMDB movie not found
220498,253617,TMDB movie not found
220548,330893,TMDB movie not found
220556,266360,TMDB movie not found
220644,395370,TMDB movie not found
220964,721357,TMDB movie not found
221066,575116,TMDB movie not found
221670,725924,TMDB movie not found
221860,682273,TMDB movie not found
222246,195003,TMDB movie not found
222507,675522,TMDB movie not found
222583,239891,TMDB movie not found
222585,323377,TMDB movie not found
222587,679014,TMDB movie not found
222719,118209,TMDB movie not found
224270,521873,TMDB movie not found
224344,736024,TMDB movie not found
224511,408348,TMDB movie not found
224711,744624,TMDB movie not found
224825,701956,TMDB movie not found
225089,270176,TMDB movie not found
225429,592251,TMDB movie not found
225489,558304,TMDB movie not found
225517,231064,TMDB movie not found
225693,685022,TMDB movie not found
226650,754083,TMDB movie not found
226686,533713,TMDB movie not found
226730,722162,TMDB movie not found
226732,722163,TMDB movie not found
226734,722165,TMDB movie not found
227084,549048,TMDB movie not found
227737,700381,TMDB movie not found
227821,169260,TMDB movie not found
228099,756498,TMDB movie not found
228403,761129,TMDB movie not found
228651,576500,TMDB movie not found
228791,614103,TMDB movie not found
228793,666586,TMDB movie not found
228795,653892,TMDB movie not found
228797,186835,TMDB movie not found
229225,178151,TMDB movie not found
229269,737785,TMDB movie not found
229479,362860,TMDB movie not found
229513,760506,TMDB movie not found
229519,675515,TMDB movie not found
229521,432052,TMDB movie not found
229523,751513,TMDB movie not found
229531,47022,TMDB movie not found
229599,630277,TMDB movie not found
229611,745433,TMDB movie not found
229773,437217,TMDB movie not found
229951,432517,TMDB movie not found
230101,758834,TMDB movie not found
230163,496317,TMDB movie not found
230253,687704,TMDB movie not found
230423,720295,TMDB movie not found
230465,758936,TMDB movie not found
230799,308284,TMDB movie not found
230827,272868,TMDB movie not found
231101,642088,TMDB movie not found
231287,668176,TMDB movie not found
231289,754369,TMDB movie not found
232647,765746,TMDB movie not found
233561,426128,TMDB movie not found
233831,657396,TMDB movie not found
234304,292074,TMDB movie not found
234496,769350,TMDB movie not found
234577,657404,TMDB movie not found
235041,422112,TMDB movie not found
235147,325006,TMDB movie not found
235179,732277,TMDB movie not found
235565,762697,TMDB movie not found
236127,760729,TMDB movie not found
236305,622007,TMDB movie not found
236729,662831,TMDB movie not found
236787,492314,TMDB movie not found
236961,789344,TMDB movie not found
237009,508765,TMDB movie not found
237386,768169,TMDB movie not found
237658,785822,TMDB movie not found
237742,756688,TMDB movie not found
237754,793095,TMDB movie not found
237856,186037,TMDB movie not found
237946,632378,TMDB movie not found
238072,783462,TMDB movie not found
238102,590438,TMDB movie not found
238322,263255,TMDB movie not found
238564,793666,TMDB movie not found
239040,795446,TMDB movie not found
239316,789964,TMDB movie not found
239360,786010,TMDB movie not found
239408,715893,TMDB movie not found
239452,692242,TMDB movie not found
239532,444043,TMDB movie not found
240208,763323,TMDB movie not found
240340,769405,TMDB movie not found
240738,126424,TMDB movie not found
240888,782114,TMDB movie not found
241064,722690,TMDB movie not found
241626,791052,TMDB movie not found
241814,791905,TMDB movie not found
242274,573782,TMDB movie not found
243322,448341,TMDB movie not found
244036,439369,TMDB movie not found
244088,781828,TMDB movie not found
244132,363731,TMDB movie not found
244180,523820,TMDB movie not found
244188,741455,TMDB movie not found
244400,671479,TMDB movie not found
244690,731932,TMDB movie not found
245350,796115,TMDB movie not found
245514,814415,TMDB movie not found
245876,691148,TMDB movie not found
246072,813756,TMDB movie not found
246614,806947,TMDB movie not found
246664,804485,TMDB movie not found
246708,818349,TMDB movie not found
246970,618526,TMDB movie not found
247084,713722,TMDB movie not found
247380,613449,TMDB movie not found
247850,405547,TMDB movie not found
247930,496075,TMDB movie not found
248316,823575,TMDB movie not found
248424,373929,TMDB movie not found
248482,212697,TMDB movie not found
248894,54726,TMDB movie not found
248922,253592,TMDB movie not found
249086,705205,TMDB movie not found
249274,778474,TMDB movie not found
249354,684814,TMDB movie not found
249536,810877,TMDB movie not found
249538,691529,TMDB movie not found
249968,737618,TMDB movie not found
250506,581232,TMDB movie not found
251388,689588,TMDB movie not found
251410,836665,TMDB movie not found
251416,835263,TMDB movie not found
251508,487050,TMDB movie not found
251660,730788,TMDB movie not found
251678,299047,TMDB movie not found
252080,235159,TMDB movie not found
252154,830073,TMDB movie not found
252310,842496,TMDB movie not found
252710,845074,TMDB movie not found
252726,470560,TMDB movie not found
252784,833224,TMDB movie not found
253424,833915,TMDB movie not found
253602,839298,TMDB movie not found
253848,780367,TMDB movie not found
253850,780371,TMDB movie not found
255943,635838,TMDB movie not found
256323,112679,TMDB movie not found
256991,452765,TMDB movie not found
257809,313744,TMDB movie not found
257815,531522,TMDB movie not found
257865,381423,TMDB movie not found
258009,307842,TMDB movie not found
258283,147172,TMDB movie not found
258941,497256,TMDB movie not found
259389,685035,TMDB movie not found
259937,853673,TMDB movie not found
259995,815144,TMDB movie not found
260097,348696,TMDB movie not found
260167,686667,TMDB movie not found
260207,773647,TMDB movie not found
261297,730639,TMDB movie not found
261371,858174,TMDB movie not found
261473,846916,TMDB movie not found
261483,313893,TMDB movie not found
261585,371592,TMDB movie not found
261691,851112,TMDB movie not found
261835,798481,TMDB movie not found
262189,201670,TMDB movie not found
262451,823837,TMDB movie not found
263133,891255,TMDB movie not found
263227,496125,TMDB movie not found
263459,600633,TMDB movie not found
263963,748121,TMDB movie not found
263965,831360,TMDB movie not found
264325,553296,TMDB movie not found
265920,875337,TMDB movie not found
265922,875336,TMDB movie not found
267394,917505,TMDB movie not found
267566,845322,TMDB movie not found
267726,538501,TMDB movie not found
267954,362914,TMDB movie not found
268244,257104,TMDB movie not found
268840,602524,TMDB movie not found
269502,274896,TMDB movie not found
269598,541234,TMDB movie not found
269898,934126,TMDB movie not found
270164,744247,TMDB movie not found
270216,936456,TMDB movie not found
270598,934109,TMDB movie not found
270600,934096,TMDB movie not found
271254,471694,TMDB movie not found
272199,949506,TMDB movie not found
272205,950025,TMDB movie not found
272661,957115,TMDB movie not found
272673,732922,TMDB movie not found
273275,958198,TMDB movie not found
273449,854445,TMDB movie not found
273451,854440,TMDB movie not found
273453,917856,TMDB movie not found
273561,879954,TMDB movie not found
274625,949778,TMDB movie not found
274651,972022,TMDB movie not found
274967,54724,TMDB movie not found
275375,970060,TMDB movie not found
275697,766094,TMDB movie not found
275699,567712,TMDB movie not found
275701,497867,TMDB movie not found
275703,704352,TMDB movie not found
275705,763834,TMDB movie not found
275709,585297,TMDB movie not found
276337,982987,TMDB movie not found
276371,894717,TMDB movie not found
276405,381789,TMDB movie not found
276755,983443,TMDB movie not found
277040,1005682,TMDB movie not found
277336,1008469,TMDB movie not found
277590,879953,TMDB movie not found
277592,879950,TMDB movie not found
277594,879951,TMDB movie not found
277664,461581,TMDB movie not found
277832,969086,TMDB movie not found
278010,666716,TMDB movie not found
278322,58933,TMDB movie not found
278538,380047,TMDB movie not found
278544,114411,TMDB movie not found
278646,899698,TMDB movie not found
278858,881931,TMDB movie not found
279064,1013875,TMDB movie not found
279358,1027888,TMDB movie not found
279496,995460,TMDB movie not found
279892,182942,TMDB movie not found
280998,1008573,TMDB movie not found
281012,1033843,TMDB movie not found
281020,354402,TMDB movie not found
281158,267556,TMDB movie not found
281166,580897,TMDB movie not found
281820,963590,TMDB movie not found
281932,1020277,TMDB movie not found
282869,958637,TMDB movie not found
282891,1026872,TMDB movie not found
282959,1077814,TMDB movie not found
283113,1054831,TMDB movie not found
283477,628861,TMDB movie not found
284497,381420,TMDB movie not found
284499,381419,TMDB movie not found
284501,381294,TMDB movie not found
284503,380721,TMDB movie not found
284507,705354,TMDB movie not found
284509,689040,TMDB movie not found
285017,1033150,TMDB movie not found
285027,305967,TMDB movie not found
285589,1058029,TMDB movie not found
286373,1012230,TMDB movie not found
286529,1107516,TMDB movie not found
286851,619416,TMDB movie not found
287439,1105518,TMDB movie not found
288069,1130353,TMDB movie not found
288099,1061605,TMDB movie not found
288447,1144338,TMDB movie not found
288977,1102551,TMDB movie not found
289669,277090,TMDB movie not found
289885,1114081,TMDB movie not found
289887,1112977,TMDB movie not found
289897,642216,TMDB movie not found
290277,1092099,TMDB movie not found
290539,569888,TMDB movie not found
290553,1172627,TMDB movie not found
290559,1172634,TMDB movie not found
290561,1173102,TMDB movie not found
290563,945397,TMDB movie not found
290565,456504,TMDB movie not found
290567,473958,TMDB movie not found
290569,457491,TMDB movie not found
290577,704838,TMDB movie not found
291791,1136321,TMDB movie not found
